day,co,so2,no,no2,pm10,pm25,o3,wspd,wdir,temperature,press,rh,uv,station
2017-01-01,0,18.5,8.5,6.73,0,0,4.87,1.38,174.44,23.72,907.56,68.18,225.5,Dago
2017-01-02,0,18.16,7.78,6.6,0,0,4.87,1.69,283.26,24.14,907.25,69.48,191.15,Dago
2017-01-03,0,17.25,7.36,6.75,0,0,5.24,1.75,265.04,24.35,906.8,70.41,217.13,Dago
2017-01-04,0,16.16,7.56,7.12,0,0,2.95,0.8,138.39,22.5,906.32,83.25,51.07,Dago
2017-01-05,0,14.22,6.94,7.26,0,0,6.59,1.51,176.43,22.96,906.44,77.08,153.84,Dago
2017-01-06,0,5.77,4.2,5.92,12.83,0,7.83,1.54,286.49,24.19,906.12,75.06,52.83,Dago
2017-01-07,5.14,10.74,6.2,6.43,12.67,0,6.41,1.51,214.25,24.14,905.78,71.28,197.28,Dago
2017-01-08,4.82,11.59,6.56,6.15,12.68,0,7.76,1.59,244.21,23.46,905.57,68.57,182.4,Dago
2017-01-09,4.78,11.4,6.67,6.98,24.22,0,6.56,1.37,164.17,23.06,905.91,75.36,203.61,Dago
2017-01-10,4.84,10.58,6.61,6.64,18.99,0,6.04,1.32,108.91,22.56,907.64,79.21,101.04,Dago
2017-01-11,4.86,10.87,7.1,6.45,18.23,0,6.69,1.44,198.37,23.9,907.25,73.62,207.98,Dago
2017-01-12,4.9,10.9,7.48,5.63,12.08,0,4.65,1.6,265.24,23.64,906.85,74.32,164.23,Dago
2017-01-13,4.97,10.28,7.71,4.96,9.32,0,3.52,1.44,267.43,22.88,907.04,76.66,90.66,Dago
2017-01-14,4.89,9.59,7.69,4.99,8.69,0,4.61,1.96,287.32,22.21,907.97,77.34,126.17,Dago
2017-01-15,4.84,9.59,7.62,5.2,11.44,0,7.46,1.86,287.99,23.52,907.61,71.12,164.09,Dago
2017-01-16,4.8,9.57,8.58,5.16,10.53,0,3.94,1.46,256.33,21.7,907.89,82.1,99.86,Dago
2017-01-17,4.9,9.09,9.12,5.16,8.02,0,3.75,1.52,243.36,21.64,908.29,83.18,155.51,Dago
2017-01-18,4.58,8.65,9.72,5.3,11.5,0,4.3,1.51,204.95,22.89,909.36,75.97,184.28,Dago
2017-01-19,4.86,9.09,9.64,4.82,9.55,0,4.39,1.79,263,23.34,909,73.79,161.26,Dago
2017-01-20,4.71,9.67,11.01,5.39,9.99,0,5.02,1.88,257.12,23.48,908.58,72.59,197.36,Dago
2017-01-21,4.95,10.23,12.03,6.44,16.7,0,4.55,1.36,225.56,23.68,909.4,73.2,172.48,Dago
2017-01-22,4.89,9.73,12.24,6.83,18.15,0,6.75,1.44,187.04,23.33,909.49,76.81,150.78,Dago
2017-01-23,4.76,7.25,12.38,5.61,0,0,2.99,1.5,230.18,23.14,909.31,74.39,213.13,Dago
2017-01-24,5.11,7.87,13.9,5.56,0,0,3.22,1.72,198.58,22.88,909.22,75.37,202.69,Dago
2017-01-25,4.89,10.66,17.68,5.77,0,0,2.91,1.26,226.06,22.64,909.64,77.4,172.98,Dago
2017-01-26,4.69,10.57,18.14,6.05,0,0,4.82,1.73,230.91,22.16,909.49,71.31,148.65,Dago
2017-01-27,4.88,10.52,19.33,6.52,0,0,4.08,1.6,255.2,22.65,908.35,73.06,129.37,Dago
2017-01-28,5.01,10.53,20.92,5.64,0,0,1.89,1.54,271.86,21.99,908.06,81.58,146.53,Dago
2017-01-29,5.11,10.06,21.91,5.32,0,0,1.38,1.62,264.34,20.97,908.61,85.59,108.96,Dago
2017-01-30,5.21,8.91,21.29,5.08,0,0,1.58,1.61,256.71,22.26,908.1,77.05,181.52,Dago
2017-01-31,4.87,7.83,19.57,5.79,0,0,2.73,1.65,242.67,22.56,908.02,75.87,156.3,Dago
2017-02-01,4.92,7.45,19.44,5.71,0,0,3.13,1.57,263.27,21.77,908.87,80.03,140.73,Dago
2017-02-02,4.89,6.88,19.99,6.11,0,0,3.35,1.52,247.72,21.65,909.42,77.32,148.47,Dago
2017-02-03,4.83,4,15.21,5.13,0,0,3.09,1.88,264.77,21.74,908.28,76.51,164.31,Dago
2017-02-04,5.11,4.94,17.84,5.31,0,0,2.74,1.87,283.04,21.96,907.21,81.51,132.88,Dago
2017-02-05,4.75,6,20.47,5.68,0,0,3.96,2,284.71,23.2,906.71,71.55,213.17,Dago
2017-02-06,4.61,3.54,19.49,5.81,5.9,0,6.17,1.64,276.84,21.83,906.9,78.57,167.86,Dago
2017-02-07,4.89,9.28,34.02,6.31,10.96,0,12.31,2.2,241.82,22.06,906.89,72.92,178.85,Dago
2017-02-08,4.8,10.1,37.35,5.48,10.11,0,4.74,1.97,290.18,21.41,907.14,82.95,106.75,Dago
2017-02-09,4.88,9.57,39.08,5.16,10.48,0,3.56,2.08,283.17,20.93,906.93,82.79,144.9,Dago
2017-02-10,5.17,10.71,41.54,5.09,8.25,0,3.37,2.08,278.47,21.95,907.22,81.56,166.3,Dago
2017-02-11,5.36,9.91,40.39,6.61,13.58,0,4.29,1.49,254.26,21.47,908.87,85.12,121.33,Dago
2017-02-12,5.11,8.88,34.77,7.39,19.41,0,4.71,1.58,226.07,22.01,910.08,82.24,146.37,Dago
2017-02-13,4.92,8.83,35.43,7.41,20.86,0,4.84,1.53,263.44,22.72,910.56,79.7,184.01,Dago
2017-02-14,4.91,9.31,38.87,6.42,15.52,0,3.52,1.59,225.65,22.27,911.1,81.26,174.5,Dago
2017-02-15,4.68,9.31,72.2,16.65,11.07,0,3.16,1.57,284.03,21.38,910.92,85.3,73.52,Dago
2017-02-16,4.98,8.81,101.98,20.47,12.49,0,3.3,1.52,219.14,22.39,910.12,78.88,162.27,Dago
2017-02-17,4.65,8.67,103.44,23.44,23.71,0,3.73,1.07,186.98,23.4,910.12,75.8,213,Dago
2017-02-18,4.77,10.06,98.88,20.35,29.68,0,3.17,0.92,158.69,23.51,910.04,75.86,171.27,Dago
2017-02-24,0,5.2,0,0,18.27,0,6.95,1.21,101.24,22.47,901.24,84.12,39.16,Dago
2017-02-25,4.73,6.06,-81.67,25.28,28.51,0,11.35,0.91,156.79,22.01,909.17,87.3,81.9,Dago
2017-02-26,4.92,8.84,-54.38,23.39,24.51,0,11.07,1.27,112.98,22.26,907.49,83.49,143.28,Dago
2017-02-27,5.06,7.84,-27.53,27.04,25.87,0,13,1.29,139.94,23.93,907.55,76.6,192.19,Dago
2017-02-28,5.1,8.05,-20.37,23.63,24.03,0,10.47,1.25,96.56,21.72,908.09,85.37,98.53,Dago
2017-03-01,4.78,8.09,-15.22,21.32,22.33,0,9.55,1.17,87.56,21.81,908.1,85.56,97.26,Dago
2017-03-02,4.96,7.73,-17.58,22.04,29.69,0,9.28,1.22,102.72,22.06,907.83,83.39,151.13,Dago
2017-03-03,4.84,4.66,-56.89,20.22,25.61,0,11.08,1.32,105.65,21.99,906.92,82.12,167.14,Dago
2017-03-04,4.83,11.85,-5.9,19.35,0.9,0,8.35,1.27,122.26,22.8,907.2,79.42,171.16,Dago
2017-03-05,4.83,12.39,22.2,20.1,0,0,8.3,1.46,96.89,21.65,907.33,86.12,78.88,Dago
2017-03-06,5.12,11.74,17.57,20.84,0,0,8.41,1.36,115.53,21.87,907.43,84.81,77.18,Dago
2017-03-07,5.15,11.43,34.65,19.47,0,0,7.82,1.21,133.72,20.97,908.49,87.72,89.16,Dago
2017-03-08,4.8,11.75,29.77,25.45,0,0,8.52,1.48,100.58,22.33,908.82,80.53,122.83,Dago
2017-03-09,4.88,12.27,27.13,24.86,0,0,8.48,1.49,155.51,23.42,907.44,74.38,129.43,Dago
2017-03-10,5.06,12.54,26.08,25,0,0,8.32,1.15,118.47,22.4,908.22,81.8,105.06,Dago
2017-03-11,4.96,12.59,34.54,25.17,0,0,8.41,1.43,163.83,23.28,909.07,72.44,220.97,Dago
2017-03-12,4.88,12.3,44.16,17.84,0,0,7.28,1.54,183.96,23.25,909.88,71.05,197.37,Dago
2017-03-13,4.85,12.49,40.75,15.95,0,0,7.22,1.54,211.84,24.06,909.97,64.34,233.47,Dago
2017-03-14,4.95,12.57,39.55,18.4,0,0,7.22,1.06,187.8,23.8,910,69,141.62,Dago
2017-03-15,4.93,11.79,49.16,15.87,0,0,7.14,1.34,140.12,22.66,909.08,76.43,140.15,Dago
2017-03-16,4.65,11.91,45.82,22.25,0,0,7.53,0.97,118.22,22.7,908.14,79.72,89.21,Dago
2017-03-17,4.91,11.67,48.37,22.81,0,0,8.14,1.81,102.69,21.95,909.1,82.4,59.21,Dago
2017-03-24,0,8.01,0,0,48.74,0,10.26,0.89,254.12,23.79,899.84,79.98,21.39,Dago
2017-03-25,4.9,9.37,-75.27,22.41,48.44,0,9.87,1,161.59,23.81,909.43,80.2,154.96,Dago
2017-03-26,4.93,9.82,-52.77,20.35,36.89,0,9.23,1.19,123.41,22.68,910.37,80.27,120.26,Dago
2017-03-27,5.12,9.64,-51.23,23.3,30.82,0,9.92,1,134.07,23.16,910.12,78.8,198.69,Dago
2017-03-28,4.97,9.92,-42.9,19.42,26.13,0,8.99,1.36,134.85,22.97,910.28,78.58,216.22,Dago
2017-03-29,4.81,9.92,-34.32,18.82,23.53,0,8.77,1.27,132,23.27,910.22,77.55,189.82,Dago
2017-03-30,4.96,9.77,-34.45,22.81,26.16,0,9.46,1.2,140.54,23.24,910.41,78.35,164.2,Dago
2017-01-01,0,18.5,8.5,6.73,0,0,4.87,1.38,174.44,23.72,907.56,68.18,225.5,Gedebage
2017-01-02,0,18.16,7.78,6.6,0,0,4.87,1.69,283.26,24.14,907.25,69.48,191.15,Gedebage
2017-01-03,0,17.25,7.36,6.75,0,0,5.24,1.75,265.04,24.35,906.8,70.41,217.13,Gedebage
2017-01-04,0,16.16,7.56,7.12,0,0,2.95,0.8,138.39,22.5,906.32,83.25,51.07,Gedebage
2017-01-05,0,14.22,6.94,7.26,0,0,6.59,1.51,176.43,22.96,906.44,77.08,153.84,Gedebage
2017-01-06,0,5.77,4.2,5.92,12.83,0,7.83,1.54,286.49,24.19,906.12,75.06,52.83,Gedebage
2017-01-07,5.14,10.74,6.2,6.43,12.67,0,6.41,1.51,214.25,24.14,905.78,71.28,197.28,Gedebage
2017-01-08,4.82,11.59,6.56,6.15,12.68,0,7.76,1.59,244.21,23.46,905.57,68.57,182.4,Gedebage
2017-01-09,4.78,11.4,6.67,6.98,24.22,0,6.56,1.37,164.17,23.06,905.91,75.36,203.61,Gedebage
2017-01-10,4.84,10.58,6.61,6.64,18.99,0,6.04,1.32,108.91,22.56,907.64,79.21,101.04,Gedebage
2017-01-11,4.86,10.87,7.1,6.45,18.23,0,6.69,1.44,198.37,23.9,907.25,73.62,207.98,Gedebage
2017-01-12,4.9,10.9,7.48,5.63,12.08,0,4.65,1.6,265.24,23.64,906.85,74.32,164.23,Gedebage
2017-01-13,4.97,10.28,7.71,4.96,9.32,0,3.52,1.44,267.43,22.88,907.04,76.66,90.66,Gedebage
2017-01-14,4.89,9.59,7.69,4.99,8.69,0,4.61,1.96,287.32,22.21,907.97,77.34,126.17,Gedebage
2017-01-15,4.84,9.59,7.62,5.2,11.44,0,7.46,1.86,287.99,23.52,907.61,71.12,164.09,Gedebage
2017-01-16,4.8,9.57,8.58,5.16,10.53,0,3.94,1.46,256.33,21.7,907.89,82.1,99.86,Gedebage
2017-01-17,4.9,9.09,9.12,5.16,8.02,0,3.75,1.52,243.36,21.64,908.29,83.18,155.51,Gedebage
2017-01-18,4.58,8.65,9.72,5.3,11.5,0,4.3,1.51,204.95,22.89,909.36,75.97,184.28,Gedebage
2017-01-19,4.86,9.09,9.64,4.82,9.55,0,4.39,1.79,263,23.34,909,73.79,161.26,Gedebage
2017-01-20,4.71,9.67,11.01,5.39,9.99,0,5.02,1.88,257.12,23.48,908.58,72.59,197.36,Gedebage
2017-01-21,4.95,10.23,12.03,6.44,16.7,0,4.55,1.36,225.56,23.68,909.4,73.2,172.48,Gedebage
2017-01-22,4.89,9.73,12.24,6.83,18.15,0,6.75,1.44,187.04,23.33,909.49,76.81,150.78,Gedebage
2017-01-23,4.76,7.25,12.38,5.61,0,0,2.99,1.5,230.18,23.14,909.31,74.39,213.13,Gedebage
2017-01-24,5.11,7.87,13.9,5.56,0,0,3.22,1.72,198.58,22.88,909.22,75.37,202.69,Gedebage
2017-01-25,4.89,10.66,17.68,5.77,0,0,2.91,1.26,226.06,22.64,909.64,77.4,172.98,Gedebage
2017-01-26,4.69,10.57,18.14,6.05,0,0,4.82,1.73,230.91,22.16,909.49,71.31,148.65,Gedebage
2017-01-27,4.88,10.52,19.33,6.52,0,0,4.08,1.6,255.2,22.65,908.35,73.06,129.37,Gedebage
2017-01-28,5.01,10.53,20.92,5.64,0,0,1.89,1.54,271.86,21.99,908.06,81.58,146.53,Gedebage
2017-01-29,5.11,10.06,21.91,5.32,0,0,1.38,1.62,264.34,20.97,908.61,85.59,108.96,Gedebage
2017-01-30,5.21,8.91,21.29,5.08,0,0,1.58,1.61,256.71,22.26,908.1,77.05,181.52,Gedebage
2017-01-31,4.87,7.83,19.57,5.79,0,0,2.73,1.65,242.67,22.56,908.02,75.87,156.3,Gedebage
2017-02-01,0,15.13,16,30.97,36.77,0,15.15,3.17,264.83,22.76,936.93,83.1,165.89,Gedebage
2017-02-02,0,15.45,8.46,28.6,35.04,0,14.89,3.67,277.58,23.27,937.43,76.54,163.79,Gedebage
2017-02-03,0,15.26,5.81,23.65,27.92,0,15.04,4.66,285.04,23.63,936.23,72.18,175.93,Gedebage
2017-02-04,0,11.61,4.37,19.85,14.52,0,14.39,4.8,278.39,23.64,935,77.48,188.15,Gedebage
2017-02-05,0,12.9,3.92,19.4,21.19,0,16.16,4.69,283.81,24.7,934.46,68.65,254.62,Gedebage
2017-02-06,0,16.13,12.29,24.26,33.97,0,14.32,3.43,270.1,23.67,934.6,73.92,197.02,Gedebage
2017-02-07,0,16.32,4.68,22.85,32.54,0,15.93,4.58,281.37,23.83,934.88,70.93,206.01,Gedebage
2017-02-08,0,15.66,9.33,23,25.05,0,13.53,3.88,276.81,22.91,935.11,81.13,150,Gedebage
2017-02-09,0,14.78,9.9,23.22,0,0,13.11,3.59,281.8,21.99,935.11,85.25,117.03,Gedebage
2017-02-10,0,15.41,16.35,19.46,0,0,19.06,3.86,274.07,23.23,935.29,81.88,190.38,Gedebage
2017-02-11,0,41.89,93.08,19.81,0,0,24.56,3.59,257.47,22.58,937.16,87.28,150.92,Gedebage
2017-02-12,0,45.39,92.32,20.87,0,0,17.64,3.37,225.09,22.92,938.43,85.54,157.4,Gedebage
2017-02-13,0,53.98,118.94,21.3,0,0,16.24,2.68,218.91,23.4,938.74,83.48,220.17,Gedebage
2017-02-14,0,43.39,100.53,20.5,17.14,0,14.5,2.64,232.01,23.23,939.41,85.58,215.01,Gedebage
2017-02-15,0,44.19,97.29,18.41,30.16,0,14.35,3.24,254.04,23.6,939.12,81.77,219.85,Gedebage
2017-02-16,0,50.75,115.48,19.89,58.09,0,14.3,2.64,226.46,23.66,938.36,81.61,203.7,Gedebage
2017-02-17,0,54.03,117.84,21.5,78.26,0,14.48,2.57,233.47,24.8,938.16,77.51,271.14,Gedebage
2017-02-18,0,57.95,119.12,23.17,88.39,0,14.48,2.34,235.43,24.91,938.31,77.59,226.59,Gedebage
2017-02-19,0,58.86,119.57,22.42,79.89,0,14.28,2.4,208.01,24.58,937.11,80.25,193.41,Gedebage
2017-02-20,0,63.95,141.72,21.19,69.92,0,14.32,1.97,171.46,23.74,936.37,85.09,98.96,Gedebage
2017-02-21,0,68.28,162.75,21.85,61.2,0,14.23,1.31,172.09,23.42,938.04,85.47,111.13,Gedebage
2017-02-22,0,71.17,172.13,21.02,71.12,0,14.61,1.58,143.68,23.44,938.32,83.85,211.83,Gedebage
2017-02-23,0,71.54,175.79,20.24,65.15,0,14.58,1.94,152.93,24,937.72,82.42,218.06,Gedebage
2017-02-24,0,57.7,139.47,22.58,58.48,0,14.65,1.83,162.46,25.11,937.81,77.19,303.14,Gedebage
2017-02-25,0,50.93,110.25,21.82,36.84,0,14.38,1.92,152.05,22.86,937.52,87.72,172.57,Gedebage
2017-02-26,0,72.36,174.77,19.36,44.59,0,15.06,1.88,133.86,23.61,935.85,83.86,218.36,Gedebage
2017-02-27,0,88.04,222.01,22.9,45.06,0,15.24,1.63,167.5,23.49,936.28,84.68,183.57,Gedebage
2017-02-28,0,91.04,235.51,20.78,42.46,0,14.69,1.88,171.18,23.29,936.25,85.24,207.92,Gedebage
2017-03-01,0,106.33,271.4,25.13,42.33,0,14.92,1.63,132.79,23.08,936.55,88.07,170.16,Gedebage
2017-03-02,0,117.43,307.91,28.37,56.6,0,15.69,1.73,142.12,23.01,936.29,87.12,207.56,Gedebage
2017-03-03,0,120.32,302.07,26.87,55.22,0,14.68,1.87,165.21,23.92,935.42,81.75,263.1,Gedebage
2017-03-04,0,118.9,177.86,29.58,39.52,0,7.34,2.31,143.04,24.5,935.6,79.56,312.41,Gedebage
2017-03-05,0,97.06,50.18,33.35,49.67,0,8.18,2.07,173.54,24.54,935.78,80.6,271.22,Gedebage
2017-03-06,0,102.57,38.57,37.47,63,0,10.51,1.63,209.27,24.21,936.15,82.34,224.74,Gedebage
2017-03-07,0,64.98,11.73,34.01,51.63,0,10.43,1.86,186.81,22.38,937.16,89.06,115.85,Gedebage
2017-03-08,0,68.54,14.04,32.89,47.96,0,11.02,1.82,157.98,23.71,937.24,81,216.1,Gedebage
2017-03-09,0,124.56,11.56,36.05,46.23,0,11.96,2.11,168.5,24.32,936.53,77.85,274.15,Gedebage
2017-03-10,0,157.19,19.3,37.87,72.02,0,12,1.81,153.79,24.02,936.3,80.62,261.57,Gedebage
2017-03-11,0,181.79,9.31,38.6,51,0,12.82,2.02,157.38,24.12,937.38,78.2,258.68,Gedebage
2017-03-12,0,168.89,24.51,36.93,48.48,0,12.41,2.03,182.03,24.42,938.22,77.5,216.65,Gedebage
2017-03-13,0,176.94,30.94,39.93,58.42,0,12.8,2.16,162.87,25,938.07,74.78,262.32,Gedebage
2017-03-14,0,197.37,24.46,39.7,65.43,0,12.74,2.02,193.23,25.24,938.03,71.49,180.75,Gedebage
2017-03-15,0,198.45,26.38,38.54,88.88,0,13.37,1.85,167.4,23.41,937.17,80.11,156.49,Gedebage
2017-03-16,0,163.02,30.42,39.31,91.49,0,12.34,1.4,157.33,23.2,936.47,87.41,193.42,Gedebage
2017-03-17,0,108.28,19.4,39.78,71.58,0,12.37,1.81,158.16,24.24,937.22,83.66,239.44,Gedebage
2017-03-18,0,105.86,23.2,37.14,42.09,0,13.45,1.57,191.78,22.79,939.12,88.35,140.99,Gedebage
2017-03-19,0,157.31,35,32.29,49.35,0,14.18,1.68,160.45,23.74,938.41,83.01,247.65,Gedebage
2017-03-20,0,129.82,36.8,30.5,60.86,0,12.73,2.28,216.81,23.19,937.6,84.2,194.06,Gedebage
2017-03-21,0,32.41,23.01,30.02,78.26,0,12.59,2.7,231.44,23.53,937.21,80.86,226.01,Gedebage
2017-03-22,0,29.21,11.18,35.77,69.33,0,12.43,3.32,219.75,24.11,936.98,83.44,201.75,Gedebage
2017-03-23,0,28.91,23.42,39.43,69.27,0,12.43,1.99,216.24,23.66,937.93,83.08,137.35,Gedebage
2017-03-24,0,31.69,25.32,37.52,92.23,0,12.84,2.58,203.64,24.97,937.91,76.9,295.58,Gedebage
2017-03-25,0,32.29,14.53,51.89,107.15,0,13.39,1.97,207.61,24.99,938.14,81.89,117.24,Gedebage
2017-03-26,0,33.82,12.3,44.27,88.29,0,12.77,1.56,184.2,24.11,938.84,83.49,119.47,Gedebage
2017-03-27,0,33.45,24.42,40.32,72.76,0,12.69,1.77,124.9,23.59,938.65,84.54,197.87,Gedebage
2017-03-28,0,28.7,28.74,39.45,79.91,0,12.82,1.41,145.44,23.74,939.27,83.53,155.68,Gedebage
2017-03-29,0,14.72,35.57,32.88,88.29,0,12.7,1.61,155.48,23.9,938.6,82.77,210.27,Gedebage
2017-03-30,0,13.47,34.19,33.15,73.26,0,12.42,1.61,115.1,23.53,938.94,85.27,213.16,Gedebage
2017-01-01,6.119999999999999,2.47,13.07,9.8,1.41,0,5.31,1.96,183.49,24.8,1003.48,81.18,103.62,Ujungberung
2017-01-02,6.03,2.33,13.29,9.3,1.51,0,4.97,1.87,179.49,24.26,1003.5,81.5,93.72,Ujungberung
2017-01-03,5.99,2.52,12.57,9.28,1.56,0,5.29,2.03,183.15,24.71,1003.52,81.42,96.81,Ujungberung
2017-01-06,0,-0.15,3.81,26.92,12.81,0,5.63,0.14,82.45,9.95,350.67,27.22,0,Ujungberung
2017-01-07,0,5.19,9.16,24.88,37.61,0,6.6,0.86,234.8,26.45,923.3299999999999,64.63,90.05,Ujungberung
2017-01-08,0,7.67,10.75,26.53,45.97,0,8.28,0.73,229.48,25.67,929.62,63.03,105.59,Ujungberung
2017-01-09,0,8.92,14.36,30.28,54.17,0,7.44,0.75,224.59,25.55,929.8199999999999,68.92,81.04,Ujungberung
2017-01-10,0,9.85,21.45,33.7,84.24,0,6.97,0.46,215.16,24.98,931.22,74.78,56.66,Ujungberung
2017-01-11,0,8.35,13.83,23.89,46.36,0,6.89,0.99,235.87,26.38,931.38,67.68,118.25,Ujungberung
2017-01-12,0,15.38,22.32,22.67,28.33,0,9.46,1.25,244.87,25.81,930.8399999999999,69.2,83.5,Ujungberung
2017-01-13,0,16.02,29.54,21.02,31.09,0,5.83,1.15,251.4,25.16,930.93,71.34,67.59,Ujungberung
2017-01-14,0,16.7,40.06,20.41,44.38,0,5.23,1.17,231.51,24.5,932.06,71.38,66.54,Ujungberung
2017-01-15,0,15.65,31.51,21.89,0.35,0,5.67,1.06,224,25.6,931.72,65.47,87.44,Ujungberung
2017-01-16,0,15.92,33.66,19.78,17.48,0,5.01,1.16,249.67,24.51,931.72,71.45,85.45,Ujungberung
2017-01-17,0,16.5,43.48,20.46,36.6,0,4.16,0.82,217.16,23.75,932.53,79.2,90.46,Ujungberung
2017-01-18,0,15.54,35.8,19.05,20.01,0,3.88,1.27,255.49,25.11,933.53,69.15,116.31,Ujungberung
2017-01-19,0,15.25,38.11,19.37,28.66,0,3.71,1.23,243.97,25.67,933.14,66.73,124.75,Ujungberung
2017-01-20,0,15.5,39.62,18.73,20.31,0,3.76,0.94,247.41,25.93,932.52,65.66,96.43,Ujungberung
2017-01-21,0,15.21,42.46,18.46,24.53,0,3.9,1.23,238.39,25.76,933.47,67.64,123.98,Ujungberung
2017-01-22,0,16.53,50.66,20.79,36.42,0,3.96,0.84,215.94,24.94,934.22,75.06,107.17,Ujungberung
2017-01-23,0,11.33,40.77,17.39,23.49,0,3.31,1.2,254.89,25.4,933.38,68.57,119.74,Ujungberung
2017-01-24,0,12.53,45.01,17.33,26.54,0,3.63,1.17,259.46,24.46,933.3499999999999,70.97,69.4,Ujungberung
2017-01-25,0,13.86,51.15,17.1,24.36,0,3.61,0.87,252.15,24.41,933.8299999999999,73.56,81.53,Ujungberung
2017-01-26,0,13.95,52.28,17.96,40.88,0,4.05,0.87,236.88,24.48,933.6800000000001,66.21,84.17,Ujungberung
2017-01-27,0,14.09,54.96,19,55.43,0,4.42,1.04,237.8,24.52,932.47,69.1,62.15,Ujungberung
2017-01-28,0,11.82,46.95,14.73,7.47,0,3.48,1.99,279.53,21.91,932.38,84.51,0,Ujungberung
2017-01-29,0,11.58,48.2,14.3,12.5,0,3.65,1.95,284.5,21.9,932.4,87.35,2.3,Ujungberung
2017-02-03,0,10.2,48.2,14.3,16,0,4.1,0.8,236,26.4,930.3,56.4,113.7,Ujungberung
2017-02-05,0,10.52,51.5,12.95,12,0,3.9,2.05,284.5,23.2,931.9499999999999,67,0,Ujungberung
2017-02-07,0,12.5,75.6,17.7,64,0,4.7,2,190,24,931.9,75.3,95.2,Ujungberung
2017-02-09,0,7.85,46.9,13,13,0,3.4,0.8,225,22.9,930.1,76.2,68.2,Ujungberung
2017-02-10,9999.9,10.4,58.7,15.4,48,0,27.2,0.5,258,21.9,932.5,88.4,0,Ujungberung
2017-02-11,9999.9,16.8,80,16.45,12,0,15.95,0.75,223,25,933.9499999999999,74,72.7,Ujungberung
2017-02-14,9999.9,17.52,94.67,14.53,8,0,7.3,0.43,301.67,22.5,935.4,84.7,0,Ujungberung
2017-02-15,9999.9,14.05,73.6,15,0,0,5.5,0.9,239,24.8,932.7,75.3,63,Ujungberung
2017-02-16,9999.9,8.42,51,15.98,47.82,0,4.14,0.7,213.76,24.87,934.06,73.09,85.57,Ujungberung
2017-02-17,9999.9,15.17,88.13,16.94,68.69,0,5.29,0.51,214.84,25.33,934.12,71.77,87.19,Ujungberung
2017-02-18,9999.9,16.63,91.14,19.19,76.27,0,6.08,0.55,225.91,25.48,934.08,71.55,78.69,Ujungberung
2017-02-19,9999.9,16.4,92.39,18.4,84.83,0,5.83,0.48,203.54,24.72,933.12,75.78,51.3,Ujungberung
2017-02-20,9999.9,17.8,109.02,17.04,86.12,0,5.41,0.32,207.75,24.23,932.39,80.75,27.57,Ujungberung
2017-02-21,9999.9,16.95,103.47,19.02,67.61,0,5.43,0.29,191.47,24.18,933.87,79.36,40.29,Ujungberung
2017-02-22,9999.9,16.52,103.99,18.76,75.29,0,5.95,0.27,179.29,23.76,934.26,79.96,61.09,Ujungberung
2017-02-23,5989.79,12.14,84.9,16,56.55,0,4.76,0.43,201.47,24.82,933.39,76,54.36,Ujungberung
2017-02-24,0,11.98,91.43,15.55,52.72,0,5.52,0.42,224.07,24.1,934.04,77.05,54.46,Ujungberung
2017-02-25,0,10.74,82.11,19.31,54.59,0,4.98,0.39,168.7,23.59,933.38,83.94,49.68,Ujungberung
2017-02-26,0,11.98,96.78,16.92,65.51,0,4.95,0.43,198.74,24.34,931.66,78.67,72.89,Ujungberung
2017-02-27,0,12.47,95.05,19.44,64.39,0,5.18,0.45,193.09,24,932.03,80.55,56.64,Ujungberung
2017-02-28,0,12.7,106.18,16.48,51.17,0,4.48,0.32,187.38,24,932.09,79.51,82.33,Ujungberung
2017-03-01,0,12.84,107.59,16.8,60.44,0,4.02,0.37,201.61,23.4,932.22,82.82,34.62,Ujungberung
2017-03-02,0,13.21,109.87,16.02,60.34,0,3.45,0.28,195.06,23.46,931.97,81.22,55.71,Ujungberung
2017-03-03,8397.43,7.7,67.95,17.32,46.79,0,3.59,0.55,181.25,25.12,930.25,73.13,76.7,Ujungberung
2017-03-04,9999.9,13.29,109.97,14.25,50.94,0,3.61,0.62,183.11,24.86,931.08,74.06,156.12,Ujungberung
2017-03-05,9999.9,13.5,109.14,14.05,59.29,0,3.65,0.75,213.79,24.23,931.2,78.38,109.28,Ujungberung
2017-03-06,9999.9,12.98,103.61,16.74,65.89,0,3.86,0.7,223.01,23.95,931.64,80.01,90.56,Ujungberung
2017-03-07,9999.9,10.05,88.07,15.37,55.64,0,3.67,0.69,225.77,22.47,932.4,85.82,57.43,Ujungberung
2017-03-08,9999.9,11.18,100.29,16.64,57.23,0,3.78,0.56,189.13,23.65,932.87,78.72,114.9,Ujungberung
2017-03-09,9999.9,12.19,104.2,17.86,53.27,0,4.1,0.74,207.92,24.1,932.11,75.49,151.28,Ujungberung
2017-03-10,9999.9,12.64,107.97,18.33,80.16,0,4.14,0.6,190.6,24.25,931.9,77.22,100.88,Ujungberung
2017-03-11,9999.9,12.4,106.99,17.3,59.47,0,4.14,0.65,174.91,24.35,932.7900000000001,73.47,109.59,Ujungberung
2017-03-12,9999.9,12.15,105.05,13.15,40.01,0,4.11,1.07,236.44,24.26,933.55,72.03,124.19,Ujungberung
2017-03-13,9999.9,12.3,110.38,12.15,61.3,0,4.2,0.98,224.24,25.25,933.76,66.82,154.17,Ujungberung
2017-03-14,9999.9,12.96,109.75,12.33,43.76,0,4.15,1.12,202.56,25.81,933.7800000000001,63.19,135.74,Ujungberung
2017-03-15,9999.9,13.6,115.04,12.73,51.99,0,4.02,0.82,203.37,24.24,932.87,73.08,101.96,Ujungberung
2017-03-16,9999.9,14.19,125.68,12.54,75.72,0,4.09,0.48,192.89,23.25,932.3599999999999,81.17,63.96,Ujungberung
2017-03-17,9999.9,13.69,107.86,19.21,89.31,0,4.4,1.19,210.85,25.22,932.9,75.01,105.08,Ujungberung
2017-03-18,9999.9,13.71,121.2,14.42,52.58,0,4.07,0.58,179.49,23.14,934.7900000000001,84.55,55.6,Ujungberung
2017-03-19,9999.9,12.51,113.12,12.88,45.33,0,4.21,0.77,209.1,23.67,934.14,79.54,132.46,Ujungberung
2017-03-20,9999.9,10.37,100.38,10.95,56.77,0,4.04,0.87,209.2,23.47,933.15,80.8,116.42,Ujungberung
2017-03-21,9999.9,10.08,95.52,12.11,66.57,0,4.5,1.03,233.18,23.79,932.54,76.54,135.96,Ujungberung
2017-03-22,9705.79,12.5,107.84,13.29,65.65,0,4.38,0.86,243.46,24.17,932.74,80.83,97.83,Ujungberung
2017-03-23,9999.9,11.69,109.9,16.21,63.16,0,4.53,0.81,211.75,23.67,933.43,78.28,81.21,Ujungberung
2017-03-24,9999.9,9.85,99.03,17.25,76.41,0,4.68,0.94,225.18,24.68,933.43,73.73,148.69,Ujungberung
2017-03-25,9999.9,12.37,112.56,22.27,100.62,0,4.85,0.83,207.47,25.75,933.13,74.93,99.14,Ujungberung
2017-03-26,9999.9,13.11,131.66,20.37,93.27,0,4.75,0.6,193.73,24.35,934.4599999999999,77.52,85.09,Ujungberung
2017-03-27,9999.9,13.12,138.26,19.35,79.55,0,4.76,0.63,197.96,24,934.24,79.55,90.27,Ujungberung
2017-03-28,9999.9,12.68,135.19,19.53,77.65,0,4.81,0.79,209.86,24.26,934.42,78.44,156.18,Ujungberung
2017-03-29,9999.9,12.7,139.92,17.49,65.3,0,4.71,0.75,216.67,24.1,934.4499999999999,79.33,131.52,Ujungberung
2017-03-30,9999.9,13.07,148.25,16.51,67.97,0,4.64,0.57,179.76,23.17,934.71,83.85,97.43,Ujungberung
2017-01-01,0,12.88,7.35,29.21,19.17,0,-3.66,2.34,78.26,25.6,926.71,64.22,283.36,Pajajaran
2017-01-02,0,12.66,8.56,29.16,24.39,0,-3.64,2.42,81.4,25.53,926.88,66.73,231.96,Pajajaran
2017-01-03,0,13.11,11.21,30.34,28.84,0,-3.6,2.38,76.66,25.22,926.62,70.34,277.16,Pajajaran
2017-01-04,0,13.29,12.31,30.21,43.41,0,-3.64,2.26,125.97,24.51,926.25,75.83,239.57,Pajajaran
2017-01-05,0,12.96,10.4,30.85,54.11,0,-3.43,2.31,83.88,24,926.57,79.51,218.8,Pajajaran
2017-01-06,0,13.87,20.99,29.46,49.56,0,-3.63,1.4,172.03,22.94,926.45,83.34,256.71,Pajajaran
2017-01-09,0,4.22,30.22,28.25,172.26,0,-4.73,1.48,83.73,23.15,926.88,82.06,30.779999999999998,Pajajaran
2017-01-10,0,9.7,22.83,26.91,45.36,0,-3.48,2.27,78.32,24.03,927.31,78.84,203.52,Pajajaran
2017-01-11,0,10.32,18.98,28.94,44.98,0,-2.82,2.17,88.22,25,927.44,75.28,300.85,Pajajaran
2017-01-12,0,9.97,25.4,26.28,22.39,0,-3.07,2.66,71.31,24.93,926.87,72.74,278.03,Pajajaran
2017-01-13,0,10.15,31.12,24.25,18.71,0,-3.21,2.21,77.99,24.27,927.05,74.74,171.55,Pajajaran
2017-01-14,0,9.42,29.37,23.06,12.55,0,-2.47,2.81,72.31,23.5,928.31,74.65,183.63,Pajajaran
2017-01-15,0,8.4,21.37,24.7,14.16,0,-2.85,2.63,72.94,24.38,927.97,71.42,228.37,Pajajaran
2017-01-16,0,9.13,32.24,23.61,16.38,0,-2.97,2.65,70.05,23.33,928.01,76.81,224.83,Pajajaran
2017-01-17,0,9.48,41.27,22.27,17.01,0,-3.16,2.1,67.93,22.46,928.83,84.01,198.9,Pajajaran
2017-01-18,0,8.58,37.65,22.97,23.11,0,-2.7,2.11,83.9,23.86,929.91,74.74,265.39,Pajajaran
2017-01-19,0,3.2,27.4,24.51,59.66,0,24.8,2.87,76.82,24.66,929.52,70.76,311.95,Pajajaran
2017-01-20,0,5.32,33.9,24.4,14.32,0,36.65,2.68,71.37,24.82,929,70.37,287.76,Pajajaran
2017-01-21,0,6.77,35.1,24.36,22.76,0,16.71,2.4,75.6,24.87,929.95,71.69,288.65000000000003,Pajajaran
2017-01-22,0,6.33,32.93,24.63,27.01,0,13.77,2.31,80.45,23.96,930.7,77.52,295.36,Pajajaran
2017-01-23,0,6.34,44.56,22.13,22.51,0,8.73,2.24,95.16,24.23,929.93,72.2,250.06,Pajajaran
2017-01-24,0,6.7,46.99,21.3,24.79,0,9.22,2.14,86.58,24.11,929.96,72.34,268.96999999999997,Pajajaran
2017-01-25,0,7.8,53.28,21.54,26.41,0,8.9,1.82,77.27,23.62,930.38,76.37,226.14,Pajajaran
2017-01-26,0,7.24,49.01,23.87,45.94,0,7.76,2.19,67.59,23.37,930.26,73.1,203.8,Pajajaran
2017-01-27,0,7.42,49.46,23.78,36.41,0,10.59,2.26,81.69,23.64,929.11,71.86,227.73999999999998,Pajajaran
2017-01-28,0,6.42,50.71,20.12,13.21,0,4.34,2.48,80.34,22.78,928.75,82.57,246.1,Pajajaran
2017-01-29,0,7.46,61.47,18.61,985,0,4.21,2.46,74.8,21.98,929.39,84.35,182.54,Pajajaran
2017-01-30,0,9.26,77.18,19.11,985,0,6.77,2.24,79.05,23.28,928.93,76.97,259.6,Pajajaran
2017-01-31,0,9.3,69.55,20.97,985,0,6.14,2.55,71.96,23.48,928.83,76.61,266.24,Pajajaran
2017-02-01,0,9.12,73.85,20.08,985,0,4.36,2.34,71.79,22.2,929.79,82.69,200.52,Pajajaran
2017-02-02,0,9.79,86.43,19.43,985,0,5.34,2.23,68.28,22.48,930.32,77.7,207.68,Pajajaran
2017-02-03,0,9.05,80.92,18.42,985,0,2.39,2.8,75.95,23.05,929.25,73.23,225.36,Pajajaran
2017-02-04,0,8.58,75.01,18.04,985,0,0.19,2.9,64.97,22.87,928.04,80.08,215.49,Pajajaran
2017-02-05,0,7.29,65.67,18.51,985,0,-0.66,3.25,64.1,24.13,927.51,70.24,267.87,Pajajaran
2017-02-06,0,9.77,85.81,17.72,985,0,1.08,2.28,81.33,23.15,927.59,75.35,213.26999999999998,Pajajaran
2017-02-07,0,8.81,80.02,18.34,985,0,-0.17,2.74,76.12,23.26,927.84,71.93,254.76,Pajajaran
2017-02-08,0,10.36,93.25,16.65,985,0,-1.05,2.28,66.81,22.14,928.08,82.98,156.57,Pajajaran
2017-02-09,0,10.85,108.87,15.08,985,0,-1.8,2.19,73.42,21.25,927.88,86.67,117.49000000000001,Pajajaran
2017-02-10,0,6.53,83.2,16.37,985,0,4.98,2.42,77.79,22.41,928.21,83.69,184.68,Pajajaran
2017-02-11,0,5.56,75.16,19.45,985,0,4.58,2.2,54.9,21.6,929.95,89.28,172.2,Pajajaran
2017-02-12,0,5.81,69.98,20.33,985,0,-2.18,2.32,66.84,22.1,931.24,87.06,192.72,Pajajaran
2017-02-13,0,4.6,62.11,22.53,676.31,0,-2.55,2.25,85.9,23.3,931.65,81.83,269.72999999999996,Pajajaran
2017-02-14,0,4.68,66.29,20.22,51.09,0,-2.88,2.1,108.65,22.63,932.29,84.55,231.49,Pajajaran
2017-02-15,0,3.92,59.22,17.61,10.06,0,-2.02,2.49,68.47,22.79,932.06,83.07,262.6,Pajajaran
2017-02-16,0,3.43,55.82,19.99,25.54,0,-3.11,2.1,72.8,23.15,931.28,80.76,246.68,Pajajaran
2017-02-17,0,4.38,61.17,23.17,64.5,0,0.83,2.24,81.35,23.97,931.19,78.53,314.66,Pajajaran
2017-02-18,0,5.54,62.3,24.8,56.51,0,0.54,2.17,69.24,23.85,931.21,79.11,252.5,Pajajaran
2017-02-19,0,4.94,59.69,23.62,58.72,0,-0.26,2.22,90.02,23.8,930.07,81.49,251.63,Pajajaran
2017-02-20,0,6.94,82.48,22.49,69.45,0,-1.96,1.54,105.87,23.17,929.35,85.01,116.52,Pajajaran
2017-02-21,0,7.18,89.5,23.6,52.67,0,-2.2,1.42,127.69,22.67,930.88,84.11,143.33,Pajajaran
2017-02-22,0,5.29,69.58,28.79,83.6,0,0.27,1.57,185.06,23.08,931.11,82.61,180.62,Pajajaran
2017-02-23,0,4.11,70.37,25.46,62.2,0,-0.77,1.38,191.38,23.42,930.57,82.94,167.62,Pajajaran
2017-02-24,0,5.43,84.48,22.96,55.85,0,1.93,1.4,124.15,23.66,930.8,79.29,204.82000000000002,Pajajaran
2017-02-25,0,4.34,70.33,27.27,46.23,0,2.8,1.58,166.76,22.86,930.33,86.13,170.39000000000001,Pajajaran
2017-02-26,0,4.71,74.66,25.2,56.37,0,2.65,1.7,159.27,23.61,928.62,81.51,232.20999999999998,Pajajaran
2017-02-27,0,5.51,80.26,25.88,45.54,0,2.97,1.88,163.15,22.97,929.04,83.92,3549.96,Pajajaran
2017-02-28,0,5.52,85,25.34,46.64,0,2.43,1.51,178.27,22.97,928.97,84.82,9999.9,Pajajaran
2017-03-01,0,6.12,90,26.45,59.79,0,3.61,1.39,207.92,22.74,929.3,87.73,9999.9,Pajajaran
2017-03-02,0,5.9,88.38,25.85,62.94,0,2.35,1.47,176.92,22.87,929.15,85.25,9999.9,Pajajaran
2017-03-03,0,4.51,80.58,23.29,56.79,0,1.47,1.29,167.54,23.02,928.28,82.88,9999.9,Pajajaran
2017-03-04,0,5.28,94.48,18.43,35.26,0,1.5,1.86,162.03,23.59,928.58,79.54,9999.9,Pajajaran
2017-03-05,0,5.37,89.73,20.66,37.69,0,0.13,1.78,163.3,22.55,928.76,87.29,9999.9,Pajajaran
2017-03-06,0,4.95,86.77,21.75,48.11,0,-0.7,1.52,150.36,23.49,929.15,82.96,9999.9,Pajajaran
2017-03-07,0,5.14,90.48,21.28,49.87,0,-1.05,1.66,150.28,22.47,930.21,85.06,9999.9,Pajajaran
2017-03-08,0,4.5,78.13,26.27,58.09,0,0.16,1.75,164.42,23.39,930.54,79.26,7554.04,Pajajaran
2017-03-09,0,4.5,79.88,23.93,72.88,0,-0.26,1.83,152.61,23.27,929.83,77.44,8899.91,Pajajaran
2017-03-10,0,5.42,88.88,26.08,86.14,0,-0.26,1.35,151.13,23.35,929.73,82.6,9999.9,Pajajaran
2017-03-11,0,4.56,81.71,22.91,44.04,0,0.44,2.01,130.36,23.93,930.94,73.89,9999.9,Pajajaran
2017-03-12,0,4.66,92.12,16.49,40,0,-0.83,2,111.15,24.27,931.69,74.01,9999.9,Pajajaran
2017-03-13,0,5.39,100.32,14.87,40.13,0,-1.11,2.11,87.79,25.47,931.7,63.23,9999.9,Pajajaran
2017-03-14,0,5.19,88.57,15.83,40.62,0,-1.05,1.79,101.94,24.95,931.6,66.56,9999.9,Pajajaran
2017-03-15,0,6.48,97.24,15.61,36.41,0,-1.19,1.89,123.54,23.98,930.52,73.25,9999.9,Pajajaran
2017-03-16,0,7.9,103.51,23.74,88.54,0,-0.82,1.17,197.25,23.01,929.72,84.45,9999.9,Pajajaran
2017-03-17,0,6.6,97.9,22.9,67.33,0,-0.36,1.25,159.8,23.35,930.38,83.32,9999.9,Pajajaran
2017-03-18,0,6.89,114.66,17.91,34.47,0,-0.99,1.46,167.58,22.32,932.13,88.23,9999.9,Pajajaran
2017-03-19,0,6.2,108.58,16.51,32.65,0,-0.88,1.81,150.07,23.84,931.44,77.69,9999.9,Pajajaran
2017-03-20,0,6.58,111.64,13.64,37.39,0,-1.63,1.93,122.44,22.99,930.7,80.97,9999.9,Pajajaran
2017-03-21,0,6.47,109.46,16.22,47.3,0,-1.07,1.78,101.68,23.25,930.2,77.62,9999.9,Pajajaran
2017-03-22,0,6.74,110.3,14.81,34.59,0,-1.07,1.84,122.61,23.28,930.05,83.87,9999.9,Pajajaran
2017-03-24,0,8.07,80.41,22.46,222.84,0,-0.86,2.02,57.11,23.68,931.24,87.74,9999.9,Pajajaran
2017-03-25,0,7.09,118.6,19.05,83.9,0,-1.62,2.07,75.94,24.59,930.72,81.02,9999.9,Pajajaran
2017-03-26,0,7.11,131.93,15.77,72.1,0,-1.43,1.53,130.6,23.66,931.9,81,9999.9,Pajajaran
2017-03-27,0,6.62,124.69,18.8,74.32,0,-1.37,1.59,197.04,23.65,931.68,81.8,9999.9,Pajajaran
2017-03-28,0,5.76,123.84,15.95,69.51,0,-0.69,1.57,167.72,24.21,931.9,78.31,9999.9,Pajajaran
2017-03-29,0,6.29,129.19,14.79,69.02,0,-1.14,1.56,161.69,24.34,931.69,77.96,9999.9,Pajajaran
2017-03-30,0,6.27,129.19,15.18,58.27,0,-1.16,1.49,181.39,23.74,931.91,80.73,9999.9,Pajajaran
